path	baseline_path	classification	current_sha256
src/app-nxvm/machine/display.c	src/app-nxvm/machine/display.c	include-lines-only	0A91384A5BE6B2CC5D2717366AE5429D7965E481DB342BE81BA5548C396F85DF
src/app-nxvm/machine/guest_input_interface.h	src/app-nxvm/devices/guest_input_interface.h	git-blob-identical	6D070C84CCECC25B5AF0DEDC95C30CDFC4E38776379FFFCD6B677737ADF76DDE
src/app-nxvm/machine/machine_interface.h	src/app-nxvm/machine/machine_interface.h	include-lines-only	A3B35CB5BA97BEF4CACA616119D92E54FBFCC74116981883494C0BD3E3CD4E34
src/app-nxvm/profiles/default_profile/keyboard_mapper.c	src/app-nxvm/profiles/default_profile/keyboard_mapper.c	include-lines-only	378DE625B62FDDD66F6CEBA71B6F4E9D5B4F63100A024D4CD562D12D312E8FF6
src/app-nxvm/profiles/default_profile/pc_at_profile_private.h	src/app-nxvm/profiles/default_profile/pc_at_profile_private.h	include-lines-only	77DFFFD9A2425B6ACF809386EEB0AA94F1C4F92D7AAFBAF7BC5ABCBBD80FA9A2
src/app-nxvm/profiles/default_profile/pc_at_profile.c	src/app-nxvm/profiles/default_profile/pc_at_profile.c	include-lines-only	F89F3D5F91F3AEB328C3D272B77284000196907A28A11F5B5F72EEA005447972
src/app-nxvm/profiles/device/floppy.h	src/app-nxvm/profiles/device/floppy.h	include-lines-only	B9ED4F99AA2B8C59CFE7689959021D78FF51794DB0FE34479B9895F920DEE22C
src/app-nxvm/profiles/model40/model40_private.h	src/app-nxvm/profiles/model40/model40_private.h	include-lines-only	B71E165A9ED83D0F3D249556C32D21CC807530ADE8B57A4AF75AA21036D27DA8
src/app-nxvm/profiles/model40/model40.c	src/app-nxvm/profiles/model40/model40.c	include-lines-only	7AEB7F3300A5EC96E5840FF33BCE245B03F2EE0F59AA8239A8C8A9BC738C3CD9
src/app-nxvm/profiles/profile_contract_interface.h	src/app-nxvm/profiles/profile_contract_interface.h	include-lines-only	2C079BFCF01E04FDBAA5A9CD0A3002DD08DABAEEB7A8542769DF58B4921673BA
src/app-nxvm/profiles/xt/xt_5160_268.c	src/app-nxvm/profiles/xt/xt_5160_268.c	include-lines-only	B8E7870ABDF60F83C2A0E92923BF75AA0B8E3A774D3BE68BE34F3CF89AAE7D8D
src/app-nxvm/profiles/xt/xt_5160_268.h	src/app-nxvm/profiles/xt/xt_5160_268.h	include-lines-only	7AE047E5E5109B351B4D2E94295294891520BDDC2492B2529C4BEC1A96721EDB
src/x86/ibmpc-common/fdc_observation_interface.h	src/app-nxvm/devices/fdc_observation_interface.h	git-blob-identical	BB93E9619E0F7BE4F1D36733586A36953BD11A0CA382F94A7483D3D38CD444AB
test/app-nxvm/integration/dos/nxvm_default_profile_smoke.c	test/app-nxvm/integration/dos/nxvm_default_profile_smoke.c	include-lines-only	9C7F8BB9507398CCBD52498379874F62881F0A3BC3D3F3B74A2CFB46A4A788A8
test/app-nxvm/integration/dos/vm_cga_graphics_dos_smoke.c	test/app-nxvm/integration/dos/vm_cga_graphics_dos_smoke.c	include-lines-only	29FEE184B608D8529B5B22D87C201AF1F447473E01650ECA0B27900A22D874A9
test/app-nxvm/integration/dos/vm_dos_fdisk_probe.c	test/app-nxvm/integration/dos/vm_dos_fdisk_probe.c	include-lines-only	CC65A13F6F214FE9194DD03EE80EF5467C1E5D16E6DC4459B1D2EA809DA53CE4
test/app-nxvm/integration/dos/vm_dos_keyboard_smoke.c	test/app-nxvm/integration/dos/vm_dos_keyboard_smoke.c	include-lines-only	8325030C6486B65A20D056839CC91D387923266226AE53C13C55F4D2405E73A0
test/app-nxvm/integration/dos/vm_dos_video_port_smoke.c	test/app-nxvm/integration/dos/vm_dos_video_port_smoke.c	include-lines-only	4B0B775249AB530D7DFEB549B0BC6B45B700770036E805EEB2FCA19B6DA09F82
test/app-nxvm/integration/dos/vm_ega_planar_dos_smoke.c	test/app-nxvm/integration/dos/vm_ega_planar_dos_smoke.c	include-lines-only	BD3BCAF4670483DB78EB31DDC93A54B447A93856248FCD78310ED21BF05D2FDE
test/app-nxvm/integration/dos/vm_fdc_read_track_dos_smoke.c	test/app-nxvm/integration/dos/vm_fdc_read_track_dos_smoke.c	include-lines-only	0EDC7197242F00F7ABBE8FC4C70EB22784A70B0CF0A900E7846A066B8A077A3B
test/app-nxvm/integration/dos/vm_mouse_driver_dos_smoke.c	test/app-nxvm/integration/dos/vm_mouse_driver_dos_smoke.c	include-lines-only	110ED3386FAD4B04F7F28DF1B3BB9FDEE75CC23009ED38C2D45155CAAFAB2F8E
test/app-nxvm/integration/hdd/vm_ata_pio_dos_smoke.c	test/app-nxvm/integration/hdd/vm_ata_pio_dos_smoke.c	include-lines-only	69673C46FB79A8A18156DF6F4D48262148FA8001E8FB8B0C0B20208D03DB042C
test/app-nxvm/unit/core/devices/core_machine_80186_decoder_inventory_runner.c	test/app-nxvm/unit/core/devices/core_machine_80186_decoder_inventory_runner.c	include-lines-only	82382BC338F92BF4FDEEA34A59AF149325E3FDF9BAB03B528A64BEA44572967B
test/app-nxvm/unit/core/devices/core_machine_80286_decoder_inventory_runner.c	test/app-nxvm/unit/core/devices/core_machine_80286_decoder_inventory_runner.c	include-lines-only	8489435BD176B3AC38C2AD91BEFACDA0746EAC2BB93020C3D4A4160651530022
test/app-nxvm/unit/core/devices/core_machine_80386_decoder_inventory_runner.c	test/app-nxvm/unit/core/devices/core_machine_80386_decoder_inventory_runner.c	include-lines-only	F7A90326ABDCA533407FC357A7A05009B4CDB45F98FFA39CE0B3192F8EF196B2
test/app-nxvm/unit/core/devices/core_machine_fs_gs_stack_smoke.c	test/app-nxvm/unit/core/devices/core_machine_fs_gs_stack_smoke.c	include-lines-only	98CA1727D9DE93E851FD1D10D3EE259FD208D9456297F2E053E53F030CE0C866
test/app-nxvm/unit/core/devices/core_machine_legacy_lock_s1_smoke.c	test/app-nxvm/unit/core/devices/core_machine_legacy_lock_s1_smoke.c	include-lines-only	A16EABF2C339364B893487B8187A4DCE4E89811B7BE863EFBFEBC6F1CCCDB3B6
test/app-nxvm/unit/core/devices/core_machine_operand_address_smoke.c	test/app-nxvm/unit/core/devices/core_machine_operand_address_smoke.c	include-lines-only	718BFE43BBEBCBA810BA31E9715E9DA1C85500AFEC51831D9EF9CC6A432DC4E7
test/app-nxvm/unit/core/devices/core_machine_protected_ud_delivery_s1_smoke.c	test/app-nxvm/unit/core/devices/core_machine_protected_ud_delivery_s1_smoke.c	include-lines-only	7C7C28B9DDC4A15D045F2D7543085F01C13DCF4B35213D24134EF28CD9ED52B7
test/app-nxvm/unit/core/devices/core_machine_real_ud_delivery_s1_smoke.c	test/app-nxvm/unit/core/devices/core_machine_real_ud_delivery_s1_smoke.c	include-lines-only	EEB8FA4D596D82D4325C3D682FA155673C981B525A67B56BC502ECF0C2D595D6
test/app-nxvm/unit/core/devices/core_machine_segment_selector_smoke.c	test/app-nxvm/unit/core/devices/core_machine_segment_selector_smoke.c	include-lines-only	3298B3BA905B9738C6E47B7060AB564517E9DDA50521270AD1E679EE26B23FD9
test/app-nxvm/unit/core/devices/cpu_fault_diagnostic_smoke.c	test/app-nxvm/unit/core/devices/cpu_fault_diagnostic_smoke.c	include-lines-only	E646D3ED4D4B41714F0B415EBD1C942735473DA810647395CC93E90F7C67B6D8
test/app-nxvm/unit/core/devices/cpu_fpu_profile_closure_smoke.c	test/app-nxvm/unit/core/devices/cpu_fpu_profile_closure_smoke.c	include-lines-only	8D404248E3275897795FBDF3D8EB1901B671405ECB8017D60E0755F192B67919
test/app-nxvm/unit/core/devices/cpu_fpu_profile_smoke.c	test/app-nxvm/unit/core/devices/cpu_fpu_profile_smoke.c	include-lines-only	74B2C7B8D3678616C1D2984CA518C88E214312B9A6E3BF62E7B8736E9633DB51
test/app-nxvm/unit/core/devices/machine_arbitration_s3_smoke.c	test/app-nxvm/unit/core/devices/machine_arbitration_s3_smoke.c	include-lines-only	C6B88BEB911C22B2E1F606E8F137434133220137083A93DE963D388B1DDB61D1
test/app-nxvm/unit/core/devices/machine_entry_plan_smoke.c	test/app-nxvm/unit/core/devices/machine_entry_plan_smoke.c	include-lines-only	6DDA5C838DF1B9244BE00ED4FCE6352D43894D7E7719D26A1F74F328CEEECB21
test/app-nxvm/unit/core/devices/machine_protected_privilege_board_smoke.c	test/app-nxvm/unit/core/devices/machine_protected_privilege_board_smoke.c	include-lines-only	8E676000DEA9C867FAA3E0AE540D0838723562A779563002BBCCF007D1A91960
test/app-nxvm/unit/core/devices/machine_task_switch32_paging_smoke.c	test/app-nxvm/unit/core/devices/machine_task_switch32_paging_smoke.c	include-lines-only	89CD0C6293E60280A85A3255D76976BACA2FFCBBAF7E46D2036DDBE37CEAAC52
test/app-nxvm/unit/core/machine/core_mantle_shape_smoke.c	test/app-nxvm/unit/core/machine/core_mantle_shape_smoke.c	include-lines-only	352DE0EF7E11ACBD6D0A9B403AE62A30916D0B80808B62FE00C325F8AFFFF65D
test/app-nxvm/unit/core/machine/support/rom/model40_session_assets.h	test/app-nxvm/unit/core/machine/support/rom/model40_session_assets.h	include-lines-only	AF31C806F893F5382D1E43012111EE2BE238B40311230ED73DDB0BF795958AD4
test/app-nxvm/unit/core/machine/support/vm_presentation_capture.h	test/app-nxvm/unit/core/machine/support/vm_presentation_capture.h	include-lines-only	973A1EF4FBFB3659C8B9086672EB284EE7E68291726CD6440A8AA44BBA2C103C
test/app-nxvm/unit/core/machine/vm_cga_640_system_smoke.c	test/app-nxvm/unit/core/machine/vm_cga_640_system_smoke.c	include-lines-only	9B9E94FC5A7450F6EC29ACF6D842EE2BEBD509884F6FC6E6316ADA6B8CE4D199
test/app-nxvm/unit/core/machine/vm_cga_graphics_system_smoke.c	test/app-nxvm/unit/core/machine/vm_cga_graphics_system_smoke.c	include-lines-only	49D005F058064929752E358B8810BBA1A6B7367CEAF09A8CAEAAA1E2D974A776
test/app-nxvm/unit/core/machine/vm_ega_sequencer_system_smoke.c	test/app-nxvm/unit/core/machine/vm_ega_sequencer_system_smoke.c	include-lines-only	26430F4A82B339581232A36DF0F189DA7932D14FFFCDFE7C12556E12EB932795
test/app-nxvm/unit/core/machine/vm_fault_outcome_runner_smoke.c	test/app-nxvm/unit/core/machine/vm_fault_outcome_runner_smoke.c	include-lines-only	6A68A7EFA890B4852DC92549B976804BD5EE332BB9B299D06530A057ACA91894
test/app-nxvm/unit/core/machine/vm_ibm_5170_direct_plan_smoke.c	test/app-nxvm/unit/core/machine/vm_ibm_5170_direct_plan_smoke.c	include-lines-only	CD02D844EA41B7F81830B67A61947FB1F70F370EA942D645A11DDF963B2F1651
test/app-nxvm/unit/core/machine/vm_kbc_aux_guest_smoke.c	test/app-nxvm/unit/core/machine/vm_kbc_aux_guest_smoke.c	include-lines-only	C0D724C26B55181A1040E5DF1CDA00B98605A336AE49BA2B7796E0E1CBD16943
test/app-nxvm/unit/core/machine/vm_no_media_video_port_smoke.c	test/app-nxvm/unit/core/machine/vm_no_media_video_port_smoke.c	include-lines-only	CC34F6B45A87E05BF7D1E4CC2050940BA69F3C7B7C24124E6EF743280F93FAF2
test/app-nxvm/unit/core/machine/vm_x86_debug_mapping_smoke.c	test/app-nxvm/unit/core/machine/vm_x86_debug_mapping_smoke.c	include-lines-only	7849C5ADF8BF7417268E8F0DAD3691373F53882DD53B5E93C9402CBA5A0310AC
test/app-nxvm/unit/core/profiles/default_pc_at_profile_smoke.c	test/app-nxvm/unit/core/profiles/default_pc_at_profile_smoke.c	include-lines-only	46F836614D261FE709AC9A1268EB1327309044F22312171C270C8DBCB041A150
test/x86/chips/cpu/cpu_execution_context_smoke.c	test/app-nxvm/unit/core/devices/cpu_execution_context_smoke.c	include-lines-only	C18476338F6689D9E3EB85B7A594F6099F7C53DB23F3CF43091667440AE4B5E0
test/x86/chips/cpu/machine_protected_data_pic_board_smoke.c	test/app-nxvm/unit/core/devices/machine_protected_data_pic_board_smoke.c	git-blob-identical	A34199D1C8D3A53C9B650BAAF2949168812CF905E516E3E6FD90B8E962F28C8A
test/x86/chips/cpu/machine_protected_far_pic_board_smoke.c	test/app-nxvm/unit/core/devices/machine_protected_far_pic_board_smoke.c	git-blob-identical	423EB0419E88E3BA6A666248A121405EAB5405B3C4E2350E0F13195831F3724B
test/x86/core/core_machine_rom_route_transaction_smoke.c	test/app-nxvm/unit/core/devices/core_machine_rom_route_transaction_smoke.c	include-lines-only	D9693E23CA1F391DBB53E0A060ABD966991E088A7DFD849A7C1A439F22B155CC
test/x86/core/machine_timeline_s2_smoke.c	test/app-nxvm/unit/core/devices/machine_timeline_s2_smoke.c	include-lines-only	342A75A083DD9D5C66C97799E722F941C7AFC73E987AC3D5DBEF34E9E686BB8A
test/x86/core/machine_transaction_lifecycle_s4_smoke.c	test/app-nxvm/unit/core/devices/machine_transaction_lifecycle_s4_smoke.c	include-lines-only	F3024B11F28BB414565B400E1E186D2E3C2027947CB13C3C49C5E0CFBAB534B0
test/x86/ibmpc-common/core_machine_display_authority_smoke.c	test/app-nxvm/unit/core/devices/core_machine_display_authority_smoke.c	include-lines-only	D073EA0D0E34766A6FD3109D602392EF36B6C7E3627B2BE76B0B0784687131F3
test/x86/ibmpc-common/core_machine_dma_binding_token_smoke.c	test/app-nxvm/unit/core/devices/core_machine_dma_binding_token_smoke.c	include-lines-only	6C67853C36087FE73DA266586CB4FBDAB241661766D8F6FCBAD32804B5EEB872
test/x86/ibmpc-common/core_machine_lea_smoke.c	test/app-nxvm/unit/core/devices/core_machine_lea_smoke.c	include-lines-only	8806BFEE224D485278400DDE204FF6F8FA9232B09B3991EEFDABFBDD5940FD4A
test/x86/ibmpc-common/core_machine_prefix_attributes_s64_smoke.c	test/app-nxvm/unit/core/devices/core_machine_prefix_attributes_s64_smoke.c	include-lines-only	1C76368D03819B3EE7037E3F85E6A199F72B9C51A8B6234657D0DB2F04B80B30
test/x86/ibmpc-common/core_machine_sreg_mov_smoke.c	test/app-nxvm/unit/core/devices/core_machine_sreg_mov_smoke.c	include-lines-only	AE75C08EFED0DB66008F24F579E4A431389ACEEAE81B13640616FE1A67C6A7AE
test/x86/ibmpc-common/cpu_board_fault_fixture.h	test/app-nxvm/unit/core/devices/support/cpu_board_fault_fixture.h	include-lines-only	21C903E733860BECAF08C74686C5FDA05E80288B483E05DA0CDBC632AA071F71
test/x86/ibmpc-common/cpu_board_flags_protected_fixture.h	test/app-nxvm/unit/core/devices/support/cpu_board_flags_protected_fixture.h	git-blob-identical	FD8E67B4BF33ADF6579D3AFB6CB7155A096BE0A10563CD6D358AC3C865066F57
test/x86/ibmpc-common/cpu_board_irq_fixture.h	test/app-nxvm/unit/core/devices/support/cpu_board_irq_fixture.h	include-lines-only	A8DD9B30939B98020E3A583A8CAD02BB3F56E2A60D57B7D0A626613BA0E8C420
test/x86/ibmpc-common/cpu_board_limit_fixture.h	test/app-nxvm/unit/core/devices/support/cpu_board_limit_fixture.h	include-lines-only	288C4C69721FB845E6E27635C14B8079FC0E71762B60E7A26565B6AF87B6D4E5
test/x86/ibmpc-common/machine_port_ownership_board_smoke.c	test/app-nxvm/unit/core/devices/machine_port_ownership_board_smoke.c	include-lines-only	D4A1EDF94756DE11084B0D8CF11CC00B4D3752C7BA9846C0864DAA39DBB9240A
test/x86/ibmpc-common/machine_rtc_storage_s4_smoke.c	test/app-nxvm/unit/core/devices/machine_rtc_storage_s4_smoke.c	include-lines-only	A86176E35898287BD82C25F5338B2D9D32E90BFF96230F87FF1F65AA4493DDC0
test/x86/ibmpc-common/machine_timing_checkpoint_smoke.c	test/app-nxvm/unit/core/devices/machine_timing_checkpoint_smoke.c	include-lines-only	FFC3DE5CD2CFC3DE12D2A29122836A4EDF972EF2C8C097EC18DD875E08357B2E
