source_commit,source_path,destination_path,source_sha256,destination_sha256,license,authorization,delta
0fb40f482f5aa81464e46e360d0b3f26853ba0ae,src/common/CMakeLists.txt,src/common/CMakeLists.txt,e62e5bcba44d3f5909f9be0421be2f72c6a5d0db57e6f482260e84c02235d5b4,e62e5bcba44d3f5909f9be0421be2f72c6a5d0db57e6f482260e84c02235d5b4,MIT,owner grant 2026-09-19,unchanged
0fb40f482f5aa81464e46e360d0b3f26853ba0ae,src/common/MANIFEST.sha256,src/common/MANIFEST.sha256,9897f935497322baebc7fb056eb628f2c0b79a96420332f1bbd7435430d40d0f,9897f935497322baebc7fb056eb628f2c0b79a96420332f1bbd7435430d40d0f,MIT,owner grant 2026-09-19,unchanged
0fb40f482f5aa81464e46e360d0b3f26853ba0ae,src/common/README.md,src/common/README.md,7f999c3a0a5129a1ecfcb795ea2fae2de50748adc40ec42e68ea84ec2128ae37,7f999c3a0a5129a1ecfcb795ea2fae2de50748adc40ec42e68ea84ec2128ae37,MIT,owner grant 2026-09-19,unchanged
0fb40f482f5aa81464e46e360d0b3f26853ba0ae,src/common/machine/CMakeLists.txt,src/common/machine/CMakeLists.txt,432119df5736a24a6b454fefabb0ff5ea262ee19601b9b9eae03b8f4dade5875,432119df5736a24a6b454fefabb0ff5ea262ee19601b9b9eae03b8f4dade5875,MIT,owner grant 2026-09-19,unchanged
0fb40f482f5aa81464e46e360d0b3f26853ba0ae,src/common/machine/frame_interface.h,src/common/machine/frame_interface.h,7e5782168cdbd6ab9c8321596ec463f7aa075d2ab6f0fcbabcc514dd5c50d671,7e5782168cdbd6ab9c8321596ec463f7aa075d2ab6f0fcbabcc514dd5c50d671,MIT,owner grant 2026-09-19,unchanged
0fb40f482f5aa81464e46e360d0b3f26853ba0ae,src/common/machine/input_queue.c,src/common/machine/input_queue.c,075e03e085c3c025199258fef503dde6b01a7592c66703b6125f79e0ba01bf91,075e03e085c3c025199258fef503dde6b01a7592c66703b6125f79e0ba01bf91,MIT,owner grant 2026-09-19,unchanged
0fb40f482f5aa81464e46e360d0b3f26853ba0ae,src/common/machine/input_queue.h,src/common/machine/input_queue.h,f3b9e8420f8ce4dccab28f1386a6177d9cc32f433b12544e11873825e0f817a6,f3b9e8420f8ce4dccab28f1386a6177d9cc32f433b12544e11873825e0f817a6,MIT,owner grant 2026-09-19,unchanged
0fb40f482f5aa81464e46e360d0b3f26853ba0ae,src/common/machine/machine.c,src/common/machine/machine.c,327d91127e9810918e312b1ee6c9caec414b6e12e0fe89284213fac921696499,327d91127e9810918e312b1ee6c9caec414b6e12e0fe89284213fac921696499,MIT,owner grant 2026-09-19,unchanged
0fb40f482f5aa81464e46e360d0b3f26853ba0ae,src/common/machine/machine_interface.h,src/common/machine/machine_interface.h,a9922b05d65bf4b8c1cb732962b4f91ccc74ae9cbf05ddd86ec1ba0df3bdf4da,a9922b05d65bf4b8c1cb732962b4f91ccc74ae9cbf05ddd86ec1ba0df3bdf4da,MIT,owner grant 2026-09-19,unchanged
0fb40f482f5aa81464e46e360d0b3f26853ba0ae,src/common/session/CMakeLists.txt,src/common/session/CMakeLists.txt,3a110bcaece4dd6b813bbe62ba414830e85eb9c3fd77963be24ebb38ec8d63d7,3a110bcaece4dd6b813bbe62ba414830e85eb9c3fd77963be24ebb38ec8d63d7,MIT,owner grant 2026-09-19,unchanged
0fb40f482f5aa81464e46e360d0b3f26853ba0ae,src/common/session/control.c,src/common/session/control.c,469e0636cdecbf4a6716c00fc5a40aff409733aad01e96777768ee225d714215,469e0636cdecbf4a6716c00fc5a40aff409733aad01e96777768ee225d714215,MIT,owner grant 2026-09-19,unchanged
0fb40f482f5aa81464e46e360d0b3f26853ba0ae,src/common/session/control.h,src/common/session/control.h,acd4c40e69427754953ab5137b59fec23776ca23d03976fcfb6a78ab85e6347e,acd4c40e69427754953ab5137b59fec23776ca23d03976fcfb6a78ab85e6347e,MIT,owner grant 2026-09-19,unchanged
0fb40f482f5aa81464e46e360d0b3f26853ba0ae,src/common/session/control_state.c,src/common/session/control_state.c,3dc6b313021c609127df7462395483b05a39e89b80b50a0002be7f6b30162d83,3dc6b313021c609127df7462395483b05a39e89b80b50a0002be7f6b30162d83,MIT,owner grant 2026-09-19,unchanged
0fb40f482f5aa81464e46e360d0b3f26853ba0ae,src/common/session/control_state.h,src/common/session/control_state.h,059c2cf8436b9df92701eb7edb235e9b2d2cf448cd450794e00108357bda63ff,059c2cf8436b9df92701eb7edb235e9b2d2cf448cd450794e00108357bda63ff,MIT,owner grant 2026-09-19,unchanged
0fb40f482f5aa81464e46e360d0b3f26853ba0ae,src/common/session/presentation_plan.c,src/common/session/presentation_plan.c,3ec89d08c5c224a3e6ef09ded91ab3abb4a84e2b0af85c6564fde84518d1bb2f,3ec89d08c5c224a3e6ef09ded91ab3abb4a84e2b0af85c6564fde84518d1bb2f,MIT,owner grant 2026-09-19,unchanged
0fb40f482f5aa81464e46e360d0b3f26853ba0ae,src/common/session/presentation_plan.h,src/common/session/presentation_plan.h,1cbd787ce67baf538c2aafe26a8772ce68bafc03acd3c03a2851c4b6b41213db,1cbd787ce67baf538c2aafe26a8772ce68bafc03acd3c03a2851c4b6b41213db,MIT,owner grant 2026-09-19,unchanged
0fb40f482f5aa81464e46e360d0b3f26853ba0ae,src/common/session/session.c,src/common/session/session.c,7ca1c3711b1a346b384773100b48df05be26a5efdf94a74bd57ee558d4aec85e,7ca1c3711b1a346b384773100b48df05be26a5efdf94a74bd57ee558d4aec85e,MIT,owner grant 2026-09-19,unchanged
0fb40f482f5aa81464e46e360d0b3f26853ba0ae,src/common/session/session_interface.h,src/common/session/session_interface.h,b51a85e028a18ca6f76a7f48edda79ddabcf2d620075ddf3e7a1e1564e396ecf,b51a85e028a18ca6f76a7f48edda79ddabcf2d620075ddf3e7a1e1564e396ecf,MIT,owner grant 2026-09-19,unchanged
0fb40f482f5aa81464e46e360d0b3f26853ba0ae,src/common/ui/CMakeLists.txt,src/common/ui/CMakeLists.txt,000319bdc044bcd60b5e487d5525604728291b7ca2998276f02fd5fd3e556cd8,000319bdc044bcd60b5e487d5525604728291b7ca2998276f02fd5fd3e556cd8,MIT,owner grant 2026-09-19,unchanged
0fb40f482f5aa81464e46e360d0b3f26853ba0ae,src/common/ui/ui.c,src/common/ui/ui.c,6e10b4a53b36e4a7362f71c843bfd22a6cf829cb8bd9c8b3b90e7b99c03ef3e1,6e10b4a53b36e4a7362f71c843bfd22a6cf829cb8bd9c8b3b90e7b99c03ef3e1,MIT,owner grant 2026-09-19,unchanged
0fb40f482f5aa81464e46e360d0b3f26853ba0ae,src/common/ui/ui_interface.h,src/common/ui/ui_interface.h,89c9a28b9b15b7d08925af4b8b696dfe074f96915e4b3cf93e20b0f791f0106c,89c9a28b9b15b7d08925af4b8b696dfe074f96915e4b3cf93e20b0f791f0106c,MIT,owner grant 2026-09-19,unchanged
0fb40f482f5aa81464e46e360d0b3f26853ba0ae,src/common/verify_corpus.cmake,src/common/verify_corpus.cmake,4c5be4df251b9fde5c1ecb2f4bb0c32fb872bb1cb01abddd35a0404a55728b30,4c5be4df251b9fde5c1ecb2f4bb0c32fb872bb1cb01abddd35a0404a55728b30,MIT,owner grant 2026-09-19,unchanged
0fb40f482f5aa81464e46e360d0b3f26853ba0ae,src/common/verify_manifest.cmake,src/common/verify_manifest.cmake,5be5d85319e35d59b6427645fe4d766eb4d2b1a112cb073ba81609758e9c17fa,5be5d85319e35d59b6427645fe4d766eb4d2b1a112cb073ba81609758e9c17fa,MIT,owner grant 2026-09-19,unchanged
0fb40f482f5aa81464e46e360d0b3f26853ba0ae,src/lib/CMakeLists.txt,src/lib/CMakeLists.txt,2fc7cb190fc8d97df68b963139c2d9fb7d7d06e9298925fe8ab739f056efce50,2fc7cb190fc8d97df68b963139c2d9fb7d7d06e9298925fe8ab739f056efce50,MIT,owner grant 2026-09-19,unchanged
0fb40f482f5aa81464e46e360d0b3f26853ba0ae,src/lib/MANIFEST.sha256,src/lib/MANIFEST.sha256,0af9ee892620517d0fb0cd05ad53ee4fc9de61a32fa0ab868282eaea8335427a,0af9ee892620517d0fb0cd05ad53ee4fc9de61a32fa0ab868282eaea8335427a,MIT,owner grant 2026-09-19,unchanged
0fb40f482f5aa81464e46e360d0b3f26853ba0ae,src/lib/README.md,src/lib/README.md,00ffbb3f602b9ff14f4002dd2f8a543743f447c9044148dec2ef141ffaa5dba0,00ffbb3f602b9ff14f4002dd2f8a543743f447c9044148dec2ef141ffaa5dba0,MIT,owner grant 2026-09-19,unchanged
0fb40f482f5aa81464e46e360d0b3f26853ba0ae,src/lib/base/README.md,src/lib/base/README.md,f7fd3a239698fe4547b93d8ab2bd98a3b9f0ecbcfd04860a695d66c29b55a961,f7fd3a239698fe4547b93d8ab2bd98a3b9f0ecbcfd04860a695d66c29b55a961,MIT,owner grant 2026-09-19,unchanged
0fb40f482f5aa81464e46e360d0b3f26853ba0ae,src/lib/base/clock.c,src/lib/base/clock.c,d676b2d515bd348e1f97ef9e68c42e37104d8bd6ccbaafd3c41279ed129c4342,d676b2d515bd348e1f97ef9e68c42e37104d8bd6ccbaafd3c41279ed129c4342,MIT,owner grant 2026-09-19,unchanged
0fb40f482f5aa81464e46e360d0b3f26853ba0ae,src/lib/base/clock.h,src/lib/base/clock.h,25132e88a45adebfad5274f00f60d4cad27b0e46b8f97afbb4a9d5e0f8e4f39f,25132e88a45adebfad5274f00f60d4cad27b0e46b8f97afbb4a9d5e0f8e4f39f,MIT,owner grant 2026-09-19,unchanged
0fb40f482f5aa81464e46e360d0b3f26853ba0ae,src/lib/base/clock_interface.h,src/lib/base/clock_interface.h,745f49bb6c99ddfe996a5760d3b3868d2de4f1da318c0eee1c49673adb2d9192,745f49bb6c99ddfe996a5760d3b3868d2de4f1da318c0eee1c49673adb2d9192,MIT,owner grant 2026-09-19,unchanged
0fb40f482f5aa81464e46e360d0b3f26853ba0ae,src/lib/base/linux/clock.c,src/lib/base/linux/clock.c,9c897dec458cd64a6459157d561dc0e64d1befe34a64e50e4c85ea1b93cd3e8e,9c897dec458cd64a6459157d561dc0e64d1befe34a64e50e4c85ea1b93cd3e8e,MIT,owner grant 2026-09-19,unchanged
0fb40f482f5aa81464e46e360d0b3f26853ba0ae,src/lib/base/linux/sync.c,src/lib/base/linux/sync.c,4aa3f7360f3323f69caf77fb2aad8c90897c3fbacca5566071045f2f4557093c,4aa3f7360f3323f69caf77fb2aad8c90897c3fbacca5566071045f2f4557093c,MIT,owner grant 2026-09-19,unchanged
0fb40f482f5aa81464e46e360d0b3f26853ba0ae,src/lib/base/sync.c,src/lib/base/sync.c,7668a0b71ece435a10d49e09fca6ddfe48aa9da20589e2f6685a8ccb3d0fdce4,7668a0b71ece435a10d49e09fca6ddfe48aa9da20589e2f6685a8ccb3d0fdce4,MIT,owner grant 2026-09-19,unchanged
0fb40f482f5aa81464e46e360d0b3f26853ba0ae,src/lib/base/sync.h,src/lib/base/sync.h,6bd490041eed0a423d9a0835bfe4b89847de0cf14ecfe73735a7cd715e54b4c8,6bd490041eed0a423d9a0835bfe4b89847de0cf14ecfe73735a7cd715e54b4c8,MIT,owner grant 2026-09-19,unchanged
0fb40f482f5aa81464e46e360d0b3f26853ba0ae,src/lib/base/sync_interface.h,src/lib/base/sync_interface.h,229588a122ec643ef9e511df1f2c54f2876532c6c607333e8156028aa3342e83,229588a122ec643ef9e511df1f2c54f2876532c6c607333e8156028aa3342e83,MIT,owner grant 2026-09-19,unchanged
0fb40f482f5aa81464e46e360d0b3f26853ba0ae,src/lib/base/win32/clock.c,src/lib/base/win32/clock.c,d402b0e74d41922102a08c4ef4b8ce9439dfb18681956a76db8726a10bc4613b,d402b0e74d41922102a08c4ef4b8ce9439dfb18681956a76db8726a10bc4613b,MIT,owner grant 2026-09-19,unchanged
0fb40f482f5aa81464e46e360d0b3f26853ba0ae,src/lib/base/win32/sync.c,src/lib/base/win32/sync.c,da9c7497de92ef08610980d4f2d4d6a827070d0c26e601a5a560b7e4c8497d18,da9c7497de92ef08610980d4f2d4d6a827070d0c26e601a5a560b7e4c8497d18,MIT,owner grant 2026-09-19,unchanged
0fb40f482f5aa81464e46e360d0b3f26853ba0ae,src/lib/console-broker/console.c,src/lib/console-broker/console.c,eb8df3e86eb949e35444f0194e01a6a0bd9bd26360097eba647e1390b0a2a37c,eb8df3e86eb949e35444f0194e01a6a0bd9bd26360097eba647e1390b0a2a37c,MIT,owner grant 2026-09-19,unchanged
0fb40f482f5aa81464e46e360d0b3f26853ba0ae,src/lib/console-broker/console_backend.h,src/lib/console-broker/console_backend.h,920ec751c3f6edf0ea3efdbf35a34ca0f9975d779282ebd3ba9a57c24fc83b2b,920ec751c3f6edf0ea3efdbf35a34ca0f9975d779282ebd3ba9a57c24fc83b2b,MIT,owner grant 2026-09-19,unchanged
0fb40f482f5aa81464e46e360d0b3f26853ba0ae,src/lib/console-broker/console_interface.h,src/lib/console-broker/console_interface.h,285ab62d02280058e6d59814ddf22c603a98a4056279e4ae18805c9a00ddbdf3,285ab62d02280058e6d59814ddf22c603a98a4056279e4ae18805c9a00ddbdf3,MIT,owner grant 2026-09-19,unchanged
0fb40f482f5aa81464e46e360d0b3f26853ba0ae,src/lib/console-broker/linux/console.c,src/lib/console-broker/linux/console.c,5bf600361941900c6713d56cf4881662d0de1a023c044c7f8313ce02e2b5e3f4,5bf600361941900c6713d56cf4881662d0de1a023c044c7f8313ce02e2b5e3f4,MIT,owner grant 2026-09-19,unchanged
0fb40f482f5aa81464e46e360d0b3f26853ba0ae,src/lib/console-broker/win32/console.c,src/lib/console-broker/win32/console.c,d7439f90933ad2db17864da539d0e02cf5b93bd4c1f0af4a503c3f6eedbd9de6,d7439f90933ad2db17864da539d0e02cf5b93bd4c1f0af4a503c3f6eedbd9de6,MIT,owner grant 2026-09-19,unchanged
0fb40f482f5aa81464e46e360d0b3f26853ba0ae,src/lib/console/README.md,src/lib/console/README.md,886339e2b1b5408a54bf15c1d1e0fd235a5073938d345d1f1ce0d0a3dd767564,886339e2b1b5408a54bf15c1d1e0fd235a5073938d345d1f1ce0d0a3dd767564,MIT,owner grant 2026-09-19,unchanged
0fb40f482f5aa81464e46e360d0b3f26853ba0ae,src/lib/console/binding_interface.h,src/lib/console/binding_interface.h,5b4d4eb0909d21183a8e3e5d3d644a0be034292889a1bf33e0f2f6ea4bc7aee3,5b4d4eb0909d21183a8e3e5d3d644a0be034292889a1bf33e0f2f6ea4bc7aee3,MIT,owner grant 2026-09-19,unchanged
0fb40f482f5aa81464e46e360d0b3f26853ba0ae,src/lib/console/console.c,src/lib/console/console.c,0e44ea100f295f9393fe7cfac624e26eac1a0c02c723ba72bf0349d3b32edfe7,0e44ea100f295f9393fe7cfac624e26eac1a0c02c723ba72bf0349d3b32edfe7,MIT,owner grant 2026-09-19,unchanged
0fb40f482f5aa81464e46e360d0b3f26853ba0ae,src/lib/console/console_interface.h,src/lib/console/console_interface.h,7b61c7704bae664db366d6e83afcb11d2a57de41f8a95da98495158532f52c8e,7b61c7704bae664db366d6e83afcb11d2a57de41f8a95da98495158532f52c8e,MIT,owner grant 2026-09-19,unchanged
0fb40f482f5aa81464e46e360d0b3f26853ba0ae,src/lib/kvm-base/README.md,src/lib/kvm-base/README.md,557aef9a82149e7e436277743b3fb518e030ba284be617a0fc4ba1d35f4b1b49,557aef9a82149e7e436277743b3fb518e030ba284be617a0fc4ba1d35f4b1b49,MIT,owner grant 2026-09-19,unchanged
0fb40f482f5aa81464e46e360d0b3f26853ba0ae,src/lib/kvm-base/component.c,src/lib/kvm-base/component.c,84a1147f66e8afa0f8f2ba65cd632886361e4c9d17a4bf79aac89ccce30aa4b1,84a1147f66e8afa0f8f2ba65cd632886361e4c9d17a4bf79aac89ccce30aa4b1,MIT,owner grant 2026-09-19,unchanged
0fb40f482f5aa81464e46e360d0b3f26853ba0ae,src/lib/kvm-base/component_interface.h,src/lib/kvm-base/component_interface.h,fc49adcaac5e65ab8683a583ba19dd5a5456f35c129ba0ac59f053f80bd2e50a,fc49adcaac5e65ab8683a583ba19dd5a5456f35c129ba0ac59f053f80bd2e50a,MIT,owner grant 2026-09-19,unchanged
0fb40f482f5aa81464e46e360d0b3f26853ba0ae,src/lib/kvm-base/event_interface.h,src/lib/kvm-base/event_interface.h,d91bd4fb01aaa882e175b4db0400f355a49af03d621f92721068271b8bdf5e13,d91bd4fb01aaa882e175b4db0400f355a49af03d621f92721068271b8bdf5e13,MIT,owner grant 2026-09-19,unchanged
0fb40f482f5aa81464e46e360d0b3f26853ba0ae,src/lib/kvm-base/frame_interface.h,src/lib/kvm-base/frame_interface.h,385c6bacb721da5d2f6724ae2069156ca9523429a978b897a3d667ba38ad086e,385c6bacb721da5d2f6724ae2069156ca9523429a978b897a3d667ba38ad086e,MIT,owner grant 2026-09-19,unchanged
0fb40f482f5aa81464e46e360d0b3f26853ba0ae,src/lib/kvm-base/hotkey.c,src/lib/kvm-base/hotkey.c,84711d63afd364e315a246cbd32f2d37283e1b52892ec8a09df9631aa25159cd,84711d63afd364e315a246cbd32f2d37283e1b52892ec8a09df9631aa25159cd,MIT,owner grant 2026-09-19,unchanged
0fb40f482f5aa81464e46e360d0b3f26853ba0ae,src/lib/kvm-base/hotkey_interface.h,src/lib/kvm-base/hotkey_interface.h,47cacdc18e2ea9e439893f450137c533ac859bdc3a273603d8d4097a3297dc94,47cacdc18e2ea9e439893f450137c533ac859bdc3a273603d8d4097a3297dc94,MIT,owner grant 2026-09-19,unchanged
0fb40f482f5aa81464e46e360d0b3f26853ba0ae,src/lib/kvm-base/input.c,src/lib/kvm-base/input.c,736fedc762bd755b732b3fb3687b455b120e0e34d7a8c8a076554d57645f5e8e,736fedc762bd755b732b3fb3687b455b120e0e34d7a8c8a076554d57645f5e8e,MIT,owner grant 2026-09-19,unchanged
0fb40f482f5aa81464e46e360d0b3f26853ba0ae,src/lib/kvm-base/input.h,src/lib/kvm-base/input.h,4d58c97eb04eab393379fefa3091d0f77ca1edf24b4e1608c2edd1847143a29b,4d58c97eb04eab393379fefa3091d0f77ca1edf24b4e1608c2edd1847143a29b,MIT,owner grant 2026-09-19,unchanged
0fb40f482f5aa81464e46e360d0b3f26853ba0ae,src/lib/kvm-base/input_interface.h,src/lib/kvm-base/input_interface.h,1250fd22825c2557b2f8a6b253bec0b34b5218568b124a9e14b866a3f8770fcc,1250fd22825c2557b2f8a6b253bec0b34b5218568b124a9e14b866a3f8770fcc,MIT,owner grant 2026-09-19,unchanged
0fb40f482f5aa81464e46e360d0b3f26853ba0ae,src/lib/kvm-base/linux/input.c,src/lib/kvm-base/linux/input.c,8b6c5f1f9906a4cb48d87d2f2623e590c0a1e22f2937eb2d3316665b9b53c5a9,8b6c5f1f9906a4cb48d87d2f2623e590c0a1e22f2937eb2d3316665b9b53c5a9,MIT,owner grant 2026-09-19,unchanged
0fb40f482f5aa81464e46e360d0b3f26853ba0ae,src/lib/kvm-base/linux/input.h,src/lib/kvm-base/linux/input.h,f39fc3764573208d86ebb6ee7afd32816b5d65b34da040eaeef5ed7dec48beed,f39fc3764573208d86ebb6ee7afd32816b5d65b34da040eaeef5ed7dec48beed,MIT,owner grant 2026-09-19,unchanged
0fb40f482f5aa81464e46e360d0b3f26853ba0ae,src/lib/kvm-base/mailbox.c,src/lib/kvm-base/mailbox.c,e2e05e9d5a0a6fd0d5654d7feb53ed664034f072510fee3b703b160f474d3c2d,e2e05e9d5a0a6fd0d5654d7feb53ed664034f072510fee3b703b160f474d3c2d,MIT,owner grant 2026-09-19,unchanged
0fb40f482f5aa81464e46e360d0b3f26853ba0ae,src/lib/kvm-base/mailbox_interface.h,src/lib/kvm-base/mailbox_interface.h,52accb5bbd7992629a5ff5356fa857d9925a43fe77026b016b16b529d89601e5,52accb5bbd7992629a5ff5356fa857d9925a43fe77026b016b16b529d89601e5,MIT,owner grant 2026-09-19,unchanged
0fb40f482f5aa81464e46e360d0b3f26853ba0ae,src/lib/kvm-base/win32/input.c,src/lib/kvm-base/win32/input.c,f4bf5554f516bc19afaae295b5780e99ad805b83cebcf6954c05d8a05c122ac0,f4bf5554f516bc19afaae295b5780e99ad805b83cebcf6954c05d8a05c122ac0,MIT,owner grant 2026-09-19,unchanged
0fb40f482f5aa81464e46e360d0b3f26853ba0ae,src/lib/kvm-base/worker_interface.h,src/lib/kvm-base/worker_interface.h,aeb20dc715bcb485aa348eaf8f9e5bd80614554efa0e8246a1c103f4a4efef09,aeb20dc715bcb485aa348eaf8f9e5bd80614554efa0e8246a1c103f4a4efef09,MIT,owner grant 2026-09-19,unchanged
0fb40f482f5aa81464e46e360d0b3f26853ba0ae,src/lib/kvm-console/README.md,src/lib/kvm-console/README.md,bf5e2698f3ebffb79f716cc3a2e294833d613a50a5fc0614404ca55943ac7ec2,bf5e2698f3ebffb79f716cc3a2e294833d613a50a5fc0614404ca55943ac7ec2,MIT,owner grant 2026-09-19,unchanged
0fb40f482f5aa81464e46e360d0b3f26853ba0ae,src/lib/kvm-console/console.c,src/lib/kvm-console/console.c,148ecd62a95f2fa16aff68e51dd9ac1efc6e387a6be7fba8c2617f951e394b0a,148ecd62a95f2fa16aff68e51dd9ac1efc6e387a6be7fba8c2617f951e394b0a,MIT,owner grant 2026-09-19,unchanged
0fb40f482f5aa81464e46e360d0b3f26853ba0ae,src/lib/kvm-console/console.h,src/lib/kvm-console/console.h,0534f49a3c00ced31e7d24ccfeddcb43935e976a454d228b9e8d6c54f0acad13,0534f49a3c00ced31e7d24ccfeddcb43935e976a454d228b9e8d6c54f0acad13,MIT,owner grant 2026-09-19,unchanged
0fb40f482f5aa81464e46e360d0b3f26853ba0ae,src/lib/kvm-console/console_interface.h,src/lib/kvm-console/console_interface.h,52b0b40a2b7945791c47f1c9a677db3ac651bb6c32ab720a0e66b0178f42118c,52b0b40a2b7945791c47f1c9a677db3ac651bb6c32ab720a0e66b0178f42118c,MIT,owner grant 2026-09-19,unchanged
0fb40f482f5aa81464e46e360d0b3f26853ba0ae,src/lib/kvm-console/frame_interface.h,src/lib/kvm-console/frame_interface.h,4e604aea745125baabb06fdb01c8e77a87e169254702bbbb8a8694a1ca8f07a7,4e604aea745125baabb06fdb01c8e77a87e169254702bbbb8a8694a1ca8f07a7,MIT,owner grant 2026-09-19,unchanged
0fb40f482f5aa81464e46e360d0b3f26853ba0ae,src/lib/kvm-console/linux/component.c,src/lib/kvm-console/linux/component.c,1be7c34895e8f98d7afeff46d8bd1cf8a0c0014288f6ac0f950f1c25f7aab746,1be7c34895e8f98d7afeff46d8bd1cf8a0c0014288f6ac0f950f1c25f7aab746,MIT,owner grant 2026-09-19,unchanged
0fb40f482f5aa81464e46e360d0b3f26853ba0ae,src/lib/kvm-console/win32/component.c,src/lib/kvm-console/win32/component.c,50c15258f35c229e87285a6b2c4eb9e89eac89e4feead123f09a814688b9e3b7,50c15258f35c229e87285a6b2c4eb9e89eac89e4feead123f09a814688b9e3b7,MIT,owner grant 2026-09-19,unchanged
0fb40f482f5aa81464e46e360d0b3f26853ba0ae,src/lib/kvm-window/README.md,src/lib/kvm-window/README.md,c8b8298b8f43ab8195b9f88c289663270db22b16e34c86e425e5643634393443,c8b8298b8f43ab8195b9f88c289663270db22b16e34c86e425e5643634393443,MIT,owner grant 2026-09-19,unchanged
0fb40f482f5aa81464e46e360d0b3f26853ba0ae,src/lib/kvm-window/frame_interface.h,src/lib/kvm-window/frame_interface.h,65ae874282875de1fb2e36365d2f86d0b867bb8d08a2321d8f8c6a9527cc65d3,65ae874282875de1fb2e36365d2f86d0b867bb8d08a2321d8f8c6a9527cc65d3,MIT,owner grant 2026-09-19,unchanged
0fb40f482f5aa81464e46e360d0b3f26853ba0ae,src/lib/kvm-window/geometry.c,src/lib/kvm-window/geometry.c,b7603b36e9db3a48e365616c228e2d19d01d5fc293e3709e8c2fffb303115ee4,b7603b36e9db3a48e365616c228e2d19d01d5fc293e3709e8c2fffb303115ee4,MIT,owner grant 2026-09-19,unchanged
0fb40f482f5aa81464e46e360d0b3f26853ba0ae,src/lib/kvm-window/geometry.h,src/lib/kvm-window/geometry.h,14a091c29d5b61f634ddba1fb7ae5fc76bbcd4357f0e05b3d3e15ecd3264158b,14a091c29d5b61f634ddba1fb7ae5fc76bbcd4357f0e05b3d3e15ecd3264158b,MIT,owner grant 2026-09-19,unchanged
0fb40f482f5aa81464e46e360d0b3f26853ba0ae,src/lib/kvm-window/linux/component.c,src/lib/kvm-window/linux/component.c,bd11bbd70d2d95c152d9bca9112eef1369826b7d481deb158e905939c0e0eb0d,bd11bbd70d2d95c152d9bca9112eef1369826b7d481deb158e905939c0e0eb0d,MIT,owner grant 2026-09-19,unchanged
0fb40f482f5aa81464e46e360d0b3f26853ba0ae,src/lib/kvm-window/motion.c,src/lib/kvm-window/motion.c,7d7f042e2a02803691a55846f77d933e261c670c3339aa1d121c6d1b55424144,7d7f042e2a02803691a55846f77d933e261c670c3339aa1d121c6d1b55424144,MIT,owner grant 2026-09-19,unchanged
0fb40f482f5aa81464e46e360d0b3f26853ba0ae,src/lib/kvm-window/motion.h,src/lib/kvm-window/motion.h,5111d2e626aaa792226fdc1f48c2eee98aec1b00e9bde16beedbe64857111a5e,5111d2e626aaa792226fdc1f48c2eee98aec1b00e9bde16beedbe64857111a5e,MIT,owner grant 2026-09-19,unchanged
0fb40f482f5aa81464e46e360d0b3f26853ba0ae,src/lib/kvm-window/render.c,src/lib/kvm-window/render.c,94fb09a9ab4c28d82cc8af4eaf8bc1e378dd27fc85b704d7ec01addb9ebace1a,94fb09a9ab4c28d82cc8af4eaf8bc1e378dd27fc85b704d7ec01addb9ebace1a,MIT,owner grant 2026-09-19,unchanged
0fb40f482f5aa81464e46e360d0b3f26853ba0ae,src/lib/kvm-window/render.h,src/lib/kvm-window/render.h,c06a11bdba7019fcbcf94cb6c2f9803cb6ddb6d51a2abea2849fc0916544855f,c06a11bdba7019fcbcf94cb6c2f9803cb6ddb6d51a2abea2849fc0916544855f,MIT,owner grant 2026-09-19,unchanged
0fb40f482f5aa81464e46e360d0b3f26853ba0ae,src/lib/kvm-window/win32/component.c,src/lib/kvm-window/win32/component.c,ce3c4dfb0737b36848c81cc2ed0674761aa0a0dd20febaaaa2efe53302e38a77,ce3c4dfb0737b36848c81cc2ed0674761aa0a0dd20febaaaa2efe53302e38a77,MIT,owner grant 2026-09-19,unchanged
0fb40f482f5aa81464e46e360d0b3f26853ba0ae,src/lib/kvm-window/win32/geometry.c,src/lib/kvm-window/win32/geometry.c,9bf691d8dd6ac8cd82fe0706b3b89b02e3f70ae322f9eaf3997a1c1c36793e2a,9bf691d8dd6ac8cd82fe0706b3b89b02e3f70ae322f9eaf3997a1c1c36793e2a,MIT,owner grant 2026-09-19,unchanged
0fb40f482f5aa81464e46e360d0b3f26853ba0ae,src/lib/kvm-window/win32/geometry.h,src/lib/kvm-window/win32/geometry.h,82741e1aa27686458dcda4a88d5f241b7deee0081c79b292bb7200334f2e652b,82741e1aa27686458dcda4a88d5f241b7deee0081c79b292bb7200334f2e652b,MIT,owner grant 2026-09-19,unchanged
0fb40f482f5aa81464e46e360d0b3f26853ba0ae,src/lib/kvm-window/win32/input.c,src/lib/kvm-window/win32/input.c,43f71c7b2b8a1d6dc1f599a89afa81d060bc2dec43a2e67cf6ea410fd15cbbdf,43f71c7b2b8a1d6dc1f599a89afa81d060bc2dec43a2e67cf6ea410fd15cbbdf,MIT,owner grant 2026-09-19,unchanged
0fb40f482f5aa81464e46e360d0b3f26853ba0ae,src/lib/kvm-window/win32/input.h,src/lib/kvm-window/win32/input.h,44a2daedb409c21740d558cd319618702e53420286fbb16db2f116ecad950e65,44a2daedb409c21740d558cd319618702e53420286fbb16db2f116ecad950e65,MIT,owner grant 2026-09-19,unchanged
0fb40f482f5aa81464e46e360d0b3f26853ba0ae,src/lib/kvm-window/win32/mouse.c,src/lib/kvm-window/win32/mouse.c,13638f6ff4179741a20f23badf97db8417bcae706e5daca13c4a811c24a4d983,13638f6ff4179741a20f23badf97db8417bcae706e5daca13c4a811c24a4d983,MIT,owner grant 2026-09-19,unchanged
0fb40f482f5aa81464e46e360d0b3f26853ba0ae,src/lib/kvm-window/win32/mouse.h,src/lib/kvm-window/win32/mouse.h,9e14e58ab1e098971c0b14349e5e0591827745508abd92c0a861df84a0224d65,9e14e58ab1e098971c0b14349e5e0591827745508abd92c0a861df84a0224d65,MIT,owner grant 2026-09-19,unchanged
0fb40f482f5aa81464e46e360d0b3f26853ba0ae,src/lib/kvm-window/window.c,src/lib/kvm-window/window.c,88903a621e9e673c0310b3a6d76385729c491e5a77cda3e8eaba3078f835a3ee,88903a621e9e673c0310b3a6d76385729c491e5a77cda3e8eaba3078f835a3ee,MIT,owner grant 2026-09-19,unchanged
0fb40f482f5aa81464e46e360d0b3f26853ba0ae,src/lib/kvm-window/window.h,src/lib/kvm-window/window.h,c3a63f145500ffdd33133c1ce6039865c0c0de5d0f47cd5495d730a88fcc7b1f,c3a63f145500ffdd33133c1ce6039865c0c0de5d0f47cd5495d730a88fcc7b1f,MIT,owner grant 2026-09-19,unchanged
0fb40f482f5aa81464e46e360d0b3f26853ba0ae,src/lib/kvm-window/window_interface.h,src/lib/kvm-window/window_interface.h,9fc21794a8c1e5dc875b4d3cd60d4d5a5287fbf22aea18c181e7d10979fad92f,9fc21794a8c1e5dc875b4d3cd60d4d5a5287fbf22aea18c181e7d10979fad92f,MIT,owner grant 2026-09-19,unchanged
0fb40f482f5aa81464e46e360d0b3f26853ba0ae,src/lib/storage/file.c,src/lib/storage/file.c,a86b348e5eef1073117c2137b2981283c0dc58308f85aed4ff8971e51d5fd27f,a86b348e5eef1073117c2137b2981283c0dc58308f85aed4ff8971e51d5fd27f,MIT,owner grant 2026-09-19,unchanged
0fb40f482f5aa81464e46e360d0b3f26853ba0ae,src/lib/storage/file.h,src/lib/storage/file.h,11189e4a78e360295aff6fe22521a179a3859d8da6458c9aa31e38b3dfdc6ade,11189e4a78e360295aff6fe22521a179a3859d8da6458c9aa31e38b3dfdc6ade,MIT,owner grant 2026-09-19,unchanged
0fb40f482f5aa81464e46e360d0b3f26853ba0ae,src/lib/storage/file_interface.h,src/lib/storage/file_interface.h,331d0f7cb5ac6ce3a32f463bf2eeb96ee388e3000ba955e87aaae17ae1d027dd,331d0f7cb5ac6ce3a32f463bf2eeb96ee388e3000ba955e87aaae17ae1d027dd,MIT,owner grant 2026-09-19,unchanged
0fb40f482f5aa81464e46e360d0b3f26853ba0ae,src/lib/storage/linux/file.c,src/lib/storage/linux/file.c,225846d3976ada8fd4e0c46ded60565e007498f0f13adf7ac2a070ea27354ca2,225846d3976ada8fd4e0c46ded60565e007498f0f13adf7ac2a070ea27354ca2,MIT,owner grant 2026-09-19,unchanged
0fb40f482f5aa81464e46e360d0b3f26853ba0ae,src/lib/storage/medium.c,src/lib/storage/medium.c,d6b9d7be1b03c4b82144490ce96f738577a71c1fc86e0fd2d881063266e4d295,d6b9d7be1b03c4b82144490ce96f738577a71c1fc86e0fd2d881063266e4d295,MIT,owner grant 2026-09-19,unchanged
0fb40f482f5aa81464e46e360d0b3f26853ba0ae,src/lib/storage/medium_interface.h,src/lib/storage/medium_interface.h,08ea762119def00ba2d617e6c69819be734d4d27c60738a6b4a5ff3ca28297a3,08ea762119def00ba2d617e6c69819be734d4d27c60738a6b4a5ff3ca28297a3,MIT,owner grant 2026-09-19,unchanged
0fb40f482f5aa81464e46e360d0b3f26853ba0ae,src/lib/storage/win32/file.c,src/lib/storage/win32/file.c,3c76983f0306c33dd40d36930037070742c7560a378b1ca0560ce92f9adab520,3c76983f0306c33dd40d36930037070742c7560a378b1ca0560ce92f9adab520,MIT,owner grant 2026-09-19,unchanged
0fb40f482f5aa81464e46e360d0b3f26853ba0ae,src/lib/types/README.md,src/lib/types/README.md,e2a9ca149e9ddb0e89d5bf2108a9d712c9e0d597541d0f47c7f6a6ebbefcee51,e2a9ca149e9ddb0e89d5bf2108a9d712c9e0d597541d0f47c7f6a6ebbefcee51,MIT,owner grant 2026-09-19,unchanged
0fb40f482f5aa81464e46e360d0b3f26853ba0ae,src/lib/types/atomic.h,src/lib/types/atomic.h,5d26148caa0f16965f9396d99f780378b5f70af671bb19a19a999b2109401227,5d26148caa0f16965f9396d99f780378b5f70af671bb19a19a999b2109401227,MIT,owner grant 2026-09-19,unchanged
0fb40f482f5aa81464e46e360d0b3f26853ba0ae,src/lib/types/file.h,src/lib/types/file.h,7ccd3876a0b544efefa6a24a94731132239339194ebc6772f29e6806c5773468,7ccd3876a0b544efefa6a24a94731132239339194ebc6772f29e6806c5773468,MIT,owner grant 2026-09-19,unchanged
0fb40f482f5aa81464e46e360d0b3f26853ba0ae,src/lib/types/linux/clock.h,src/lib/types/linux/clock.h,f8042de869fb3fdecbf30e5820af215b71734534a0c049d78ac6539390684556,f8042de869fb3fdecbf30e5820af215b71734534a0c049d78ac6539390684556,MIT,owner grant 2026-09-19,unchanged
0fb40f482f5aa81464e46e360d0b3f26853ba0ae,src/lib/types/linux/file.h,src/lib/types/linux/file.h,5f1476615b583c86af5fa3665f3aeae0918e2e357122193fbbfbf9a9da879d24,5f1476615b583c86af5fa3665f3aeae0918e2e357122193fbbfbf9a9da879d24,MIT,owner grant 2026-09-19,unchanged
0fb40f482f5aa81464e46e360d0b3f26853ba0ae,src/lib/types/linux/sync.h,src/lib/types/linux/sync.h,652c95086d72045de9c5b8aeff9bf3ce061b58dc3166cdb5e825986f63fb5d40,652c95086d72045de9c5b8aeff9bf3ce061b58dc3166cdb5e825986f63fb5d40,MIT,owner grant 2026-09-19,unchanged
0fb40f482f5aa81464e46e360d0b3f26853ba0ae,src/lib/types/types_interface.h,src/lib/types/types_interface.h,47a61d4614765ad71a260b9d0ace72a1ef090e35ec39669cf2fba5ede0467457,47a61d4614765ad71a260b9d0ace72a1ef090e35ec39669cf2fba5ede0467457,MIT,owner grant 2026-09-19,unchanged
0fb40f482f5aa81464e46e360d0b3f26853ba0ae,src/lib/types/win32/clock.h,src/lib/types/win32/clock.h,232a1d723a33d1c3d62cda6c3044539e0c00bf0c430f5c1a6e222c84ce65555b,232a1d723a33d1c3d62cda6c3044539e0c00bf0c430f5c1a6e222c84ce65555b,MIT,owner grant 2026-09-19,unchanged
0fb40f482f5aa81464e46e360d0b3f26853ba0ae,src/lib/types/win32/console.h,src/lib/types/win32/console.h,0941962e4b3d7486b609519dc526ea1d84d1e6cd8d7f7db8a60f0e03e35348e2,0941962e4b3d7486b609519dc526ea1d84d1e6cd8d7f7db8a60f0e03e35348e2,MIT,owner grant 2026-09-19,unchanged
0fb40f482f5aa81464e46e360d0b3f26853ba0ae,src/lib/types/win32/file.h,src/lib/types/win32/file.h,e67b7f531ea1d691034e701f595ea6e4936740a149a1966672dab1f8250e30e8,e67b7f531ea1d691034e701f595ea6e4936740a149a1966672dab1f8250e30e8,MIT,owner grant 2026-09-19,unchanged
0fb40f482f5aa81464e46e360d0b3f26853ba0ae,src/lib/types/win32/input.h,src/lib/types/win32/input.h,98a9bf788aff245e3815896b74fbc93d4d199be40fc712f3f00980ae16e678d8,98a9bf788aff245e3815896b74fbc93d4d199be40fc712f3f00980ae16e678d8,MIT,owner grant 2026-09-19,unchanged
0fb40f482f5aa81464e46e360d0b3f26853ba0ae,src/lib/types/win32/scalar.h,src/lib/types/win32/scalar.h,13ea3d501f8ee6fdec498739fe9d1304c8a678c46157cff899b9e7d6be9c8bbf,13ea3d501f8ee6fdec498739fe9d1304c8a678c46157cff899b9e7d6be9c8bbf,MIT,owner grant 2026-09-19,unchanged
0fb40f482f5aa81464e46e360d0b3f26853ba0ae,src/lib/types/win32/sync.h,src/lib/types/win32/sync.h,f9f5413904d13b525f67ec420bde944c5f9545bcedf0ec7f907611d18ba1a10b,f9f5413904d13b525f67ec420bde944c5f9545bcedf0ec7f907611d18ba1a10b,MIT,owner grant 2026-09-19,unchanged
0fb40f482f5aa81464e46e360d0b3f26853ba0ae,src/lib/types/win32/window.h,src/lib/types/win32/window.h,2f2a86d81f69948ea038b2b1a2a77d07c57c05b01c0ada9baa5f1b32b03aaed3,2f2a86d81f69948ea038b2b1a2a77d07c57c05b01c0ada9baa5f1b32b03aaed3,MIT,owner grant 2026-09-19,unchanged
0fb40f482f5aa81464e46e360d0b3f26853ba0ae,src/lib/verify_component_dependencies.cmake,src/lib/verify_component_dependencies.cmake,01078e052d62f35e9291afdcabfab254aa9a7fb7a95b98a598a2fe4aacb52243,01078e052d62f35e9291afdcabfab254aa9a7fb7a95b98a598a2fe4aacb52243,MIT,owner grant 2026-09-19,unchanged
0fb40f482f5aa81464e46e360d0b3f26853ba0ae,src/lib/verify_kvm_naming.cmake,src/lib/verify_kvm_naming.cmake,5e38b3e6935fb91c5e1f5538d2df382c3dbb0d55768c859072fa36dbe509b2ab,5e38b3e6935fb91c5e1f5538d2df382c3dbb0d55768c859072fa36dbe509b2ab,MIT,owner grant 2026-09-19,unchanged
0fb40f482f5aa81464e46e360d0b3f26853ba0ae,src/lib/verify_linux_build_contract.cmake,src/lib/verify_linux_build_contract.cmake,12dd9daa127635203e06791d5c3cfb9dc5095970ea2f88927212ce6b81cd08ee,12dd9daa127635203e06791d5c3cfb9dc5095970ea2f88927212ce6b81cd08ee,MIT,owner grant 2026-09-19,unchanged
0fb40f482f5aa81464e46e360d0b3f26853ba0ae,src/lib/verify_manifest.cmake,src/lib/verify_manifest.cmake,1235f91932f7d9db8cdaa644730e3fde8e48dd894e294248121309c084a2ff19,1235f91932f7d9db8cdaa644730e3fde8e48dd894e294248121309c084a2ff19,MIT,owner grant 2026-09-19,unchanged
0fb40f482f5aa81464e46e360d0b3f26853ba0ae,src/lib/verify_types_layout.cmake,src/lib/verify_types_layout.cmake,79aa5cb9b04e4f6ccb23b07c08125f02f4d70a2965ff990cdbb3dafc6a7fd80b,79aa5cb9b04e4f6ccb23b07c08125f02f4d70a2965ff990cdbb3dafc6a7fd80b,MIT,owner grant 2026-09-19,unchanged
0fb40f482f5aa81464e46e360d0b3f26853ba0ae,test/common/CMakeLists.txt,test/common/CMakeLists.txt,4ca770a464316be56798a583329653e70eb82ca92b19997970db95eb68f83b81,4ca770a464316be56798a583329653e70eb82ca92b19997970db95eb68f83b81,MIT,owner grant 2026-09-19,unchanged
0fb40f482f5aa81464e46e360d0b3f26853ba0ae,test/common/MANIFEST.sha256,test/common/MANIFEST.sha256,d4c4fbabe471d3cb1e26ae01443f32ffe4cdd1629ce2753432fb86190291ca8a,d4c4fbabe471d3cb1e26ae01443f32ffe4cdd1629ce2753432fb86190291ca8a,MIT,owner grant 2026-09-19,unchanged
0fb40f482f5aa81464e46e360d0b3f26853ba0ae,test/common/README.md,test/common/README.md,9f586d57ec11cf1c6054cb7c230e49a66de04bf1b70c86e167e35af5af427a9d,9f586d57ec11cf1c6054cb7c230e49a66de04bf1b70c86e167e35af5af427a9d,MIT,owner grant 2026-09-19,unchanged
0fb40f482f5aa81464e46e360d0b3f26853ba0ae,test/common/common_machine_smoke.c,test/common/common_machine_smoke.c,6179359d6c834603cfdc1d646d4ad47d626feddb404781d290e44f0b9f835ea9,6179359d6c834603cfdc1d646d4ad47d626feddb404781d290e44f0b9f835ea9,MIT,owner grant 2026-09-19,unchanged
0fb40f482f5aa81464e46e360d0b3f26853ba0ae,test/common/composition_smoke.c,test/common/composition_smoke.c,aa595f68e75d485fe44ed8f9a8ecd5218cd00af2739ab20a3c7215ae2d6df5d2,aa595f68e75d485fe44ed8f9a8ecd5218cd00af2739ab20a3c7215ae2d6df5d2,MIT,owner grant 2026-09-19,unchanged
0fb40f482f5aa81464e46e360d0b3f26853ba0ae,test/common/control_reconciler_integration_smoke.c,test/common/control_reconciler_integration_smoke.c,6dc6fe7223f78ce1684d66158cea7e0a79d13d7ce7503128c9018861c2f2ecdb,6dc6fe7223f78ce1684d66158cea7e0a79d13d7ce7503128c9018861c2f2ecdb,MIT,owner grant 2026-09-19,unchanged
0fb40f482f5aa81464e46e360d0b3f26853ba0ae,test/common/control_state_matrix_smoke.c,test/common/control_state_matrix_smoke.c,5552043766d8ccdb7c4c17a021a294700a84473c948fb7b9adb43b994ddf4c00,5552043766d8ccdb7c4c17a021a294700a84473c948fb7b9adb43b994ddf4c00,MIT,owner grant 2026-09-19,unchanged
0fb40f482f5aa81464e46e360d0b3f26853ba0ae,test/common/input_queue_mouse_fifo_smoke.c,test/common/input_queue_mouse_fifo_smoke.c,b02c30358338c8492593931b8f4dc2738a9ef680739b9d5f0c5bb15c23d49731,b02c30358338c8492593931b8f4dc2738a9ef680739b9d5f0c5bb15c23d49731,MIT,owner grant 2026-09-19,unchanged
0fb40f482f5aa81464e46e360d0b3f26853ba0ae,test/common/input_queue_ownership_smoke.c,test/common/input_queue_ownership_smoke.c,2f6a2c30822cfbcf97bca42556acc8a1809cc6cd801b1ede48f814404f7344cc,2f6a2c30822cfbcf97bca42556acc8a1809cc6cd801b1ede48f814404f7344cc,MIT,owner grant 2026-09-19,unchanged
0fb40f482f5aa81464e46e360d0b3f26853ba0ae,test/common/machine_fixture.c,test/common/machine_fixture.c,19542a110725b13073c7f310b9a9202ae63ebaa37fc452418e1e27b080bc9b2d,19542a110725b13073c7f310b9a9202ae63ebaa37fc452418e1e27b080bc9b2d,MIT,owner grant 2026-09-19,unchanged
0fb40f482f5aa81464e46e360d0b3f26853ba0ae,test/common/machine_fixture.h,test/common/machine_fixture.h,b91482bb254f371154456f0725c01c743373f341c94e14f6a140bf437f04d8ff,b91482bb254f371154456f0725c01c743373f341c94e14f6a140bf437f04d8ff,MIT,owner grant 2026-09-19,unchanged
0fb40f482f5aa81464e46e360d0b3f26853ba0ae,test/common/machine_wait_smoke.c,test/common/machine_wait_smoke.c,3f3d36f3d69181ed10006fc66d5adf44dd6a6fe6ec6c1e324934d93b25d2064a,3f3d36f3d69181ed10006fc66d5adf44dd6a6fe6ec6c1e324934d93b25d2064a,MIT,owner grant 2026-09-19,unchanged
0fb40f482f5aa81464e46e360d0b3f26853ba0ae,test/common/physical_key_identity_smoke.c,test/common/physical_key_identity_smoke.c,e0fd2ec77afa9bba03ed1af724c9a1da081e18192f167801bf0735292e908852,e0fd2ec77afa9bba03ed1af724c9a1da081e18192f167801bf0735292e908852,MIT,owner grant 2026-09-19,unchanged
0fb40f482f5aa81464e46e360d0b3f26853ba0ae,test/common/presentation_plan_smoke.c,test/common/presentation_plan_smoke.c,57c7be65a362ad79f9d7b7a61228a441ec760e46c2d3bdac8a4506bae8999ee8,57c7be65a362ad79f9d7b7a61228a441ec760e46c2d3bdac8a4506bae8999ee8,MIT,owner grant 2026-09-19,unchanged
0fb40f482f5aa81464e46e360d0b3f26853ba0ae,test/common/reconciler_smoke.c,test/common/reconciler_smoke.c,38e21a9e4ae29d5c881a5f27d93d126514fe55ffc43f3f9f89f19fd6a5336f29,38e21a9e4ae29d5c881a5f27d93d126514fe55ffc43f3f9f89f19fd6a5336f29,MIT,owner grant 2026-09-19,unchanged
0fb40f482f5aa81464e46e360d0b3f26853ba0ae,test/common/session_frame_smoke.c,test/common/session_frame_smoke.c,1137b4aefd834b7584f955f39ee49f164305c9b8d0f47cf07b90edb85f02f56b,1137b4aefd834b7584f955f39ee49f164305c9b8d0f47cf07b90edb85f02f56b,MIT,owner grant 2026-09-19,unchanged
0fb40f482f5aa81464e46e360d0b3f26853ba0ae,test/common/session_monitor_smoke.c,test/common/session_monitor_smoke.c,3bd53faa032001e594a21f2886378f5757f63c1a22d75233ac22252459dc1582,3bd53faa032001e594a21f2886378f5757f63c1a22d75233ac22252459dc1582,MIT,owner grant 2026-09-19,unchanged
0fb40f482f5aa81464e46e360d0b3f26853ba0ae,test/common/session_queue_failure_smoke.c,test/common/session_queue_failure_smoke.c,e9cab1751721a1065d0ff750b09ee97aed837fa314cfae8872e8b8f1c347d3b6,e9cab1751721a1065d0ff750b09ee97aed837fa314cfae8872e8b8f1c347d3b6,MIT,owner grant 2026-09-19,unchanged
0fb40f482f5aa81464e46e360d0b3f26853ba0ae,test/common/sync_smoke.c,test/common/sync_smoke.c,d9040158d2bb62f2666c77c13300045fbbc275009fee827a41cbaaab4e401e3b,d9040158d2bb62f2666c77c13300045fbbc275009fee827a41cbaaab4e401e3b,MIT,owner grant 2026-09-19,unchanged
0fb40f482f5aa81464e46e360d0b3f26853ba0ae,test/common/verify_negative.cmake,test/common/verify_negative.cmake,5f43084d8a8bc0667f9484b0ef77a7ad201503a1541d2138f644ed928fe5a28d,5f43084d8a8bc0667f9484b0ef77a7ad201503a1541d2138f644ed928fe5a28d,MIT,owner grant 2026-09-19,unchanged
0fb40f482f5aa81464e46e360d0b3f26853ba0ae,test/lib/CMakeLists.txt,test/lib/CMakeLists.txt,d61d4b5ebffe9813db24537be0185374fbfd28547f12643b319a9d53b060108e,d61d4b5ebffe9813db24537be0185374fbfd28547f12643b319a9d53b060108e,MIT,owner grant 2026-09-19,unchanged
0fb40f482f5aa81464e46e360d0b3f26853ba0ae,test/lib/MANIFEST.sha256,test/lib/MANIFEST.sha256,0e751c067c3a89d23db5d342e407a50c1cbd19c04a8acbfe2b7367f29da51acd,0e751c067c3a89d23db5d342e407a50c1cbd19c04a8acbfe2b7367f29da51acd,MIT,owner grant 2026-09-19,unchanged
0fb40f482f5aa81464e46e360d0b3f26853ba0ae,test/lib/README.md,test/lib/README.md,28b9aab068df17effe272dc5b3ae1cdad25ca931b09f875c907c2586e5569ef4,28b9aab068df17effe272dc5b3ae1cdad25ca931b09f875c907c2586e5569ef4,MIT,owner grant 2026-09-19,unchanged
0fb40f482f5aa81464e46e360d0b3f26853ba0ae,test/lib/base_sync_ownership_smoke.c,test/lib/base_sync_ownership_smoke.c,3e6e7582ca48dc5a09affee5e781c446550a809fa42dd99169455dbb33e541e1,3e6e7582ca48dc5a09affee5e781c446550a809fa42dd99169455dbb33e541e1,MIT,owner grant 2026-09-19,unchanged
0fb40f482f5aa81464e46e360d0b3f26853ba0ae,test/lib/cleanup.h,test/lib/cleanup.h,3fed17cb7ccec29698ae0e25c281dc8abca5f3c329b4e736ccae683be29117ae,3fed17cb7ccec29698ae0e25c281dc8abca5f3c329b4e736ccae683be29117ae,MIT,owner grant 2026-09-19,unchanged
0fb40f482f5aa81464e46e360d0b3f26853ba0ae,test/lib/component_dag_forbidden_include_smoke.cmake,test/lib/component_dag_forbidden_include_smoke.cmake,cbad8a98f585dbd965608dacf27654d4a363d498c92cd1ac3043cfb010b94f65,cbad8a98f585dbd965608dacf27654d4a363d498c92cd1ac3043cfb010b94f65,MIT,owner grant 2026-09-19,unchanged
0fb40f482f5aa81464e46e360d0b3f26853ba0ae,test/lib/console_blocking_gate_smoke.c,test/lib/console_blocking_gate_smoke.c,b073f7eeb0ee4984de51983c3ee7c26d7d7324cbdf25acfa48b601351b451c97,b073f7eeb0ee4984de51983c3ee7c26d7d7324cbdf25acfa48b601351b451c97,MIT,owner grant 2026-09-19,unchanged
0fb40f482f5aa81464e46e360d0b3f26853ba0ae,test/lib/console_broker_cancel_smoke.c,test/lib/console_broker_cancel_smoke.c,075838bb3764ebafe97733830a30d56d6e42c38b82c4ba179200d207a9f00a8d,075838bb3764ebafe97733830a30d56d6e42c38b82c4ba179200d207a9f00a8d,MIT,owner grant 2026-09-19,unchanged
0fb40f482f5aa81464e46e360d0b3f26853ba0ae,test/lib/console_broker_display_smoke.c,test/lib/console_broker_display_smoke.c,7ee6ceb21bf622af5fff70796fb3efcbff12cce1e04af306f99161bcf301a94d,7ee6ceb21bf622af5fff70796fb3efcbff12cce1e04af306f99161bcf301a94d,MIT,owner grant 2026-09-19,unchanged
0fb40f482f5aa81464e46e360d0b3f26853ba0ae,test/lib/console_broker_reader_failure_smoke.c,test/lib/console_broker_reader_failure_smoke.c,a6c7fbeeb260f80d0a291cd1de6d5b4f48b46b63bd52685d2a047233b90c69bd,a6c7fbeeb260f80d0a291cd1de6d5b4f48b46b63bd52685d2a047233b90c69bd,MIT,owner grant 2026-09-19,unchanged
0fb40f482f5aa81464e46e360d0b3f26853ba0ae,test/lib/console_broker_smoke.c,test/lib/console_broker_smoke.c,bc7c69be6e715a1e8cd1245d03abcf1e6f6576ebd40db1833599b45ef8bbf11f,bc7c69be6e715a1e8cd1245d03abcf1e6f6576ebd40db1833599b45ef8bbf11f,MIT,owner grant 2026-09-19,unchanged
0fb40f482f5aa81464e46e360d0b3f26853ba0ae,test/lib/fixtures/kvm-naming/old_identifier.c,test/lib/fixtures/kvm-naming/old_identifier.c,ba7b080b982ee41cd545e879110f9f4e784a1f75e8500d05ff0d145e1e1f8508,ba7b080b982ee41cd545e879110f9f4e784a1f75e8500d05ff0d145e1e1f8508,MIT,owner grant 2026-09-19,unchanged
0fb40f482f5aa81464e46e360d0b3f26853ba0ae,test/lib/fixtures/lib-component-dag/console-broker/forbidden_include.c,test/lib/fixtures/lib-component-dag/console-broker/forbidden_include.c,b019b94f6051a0e59d30e8a739e712c5c167639d8274e7b00decbf35faef60be,b019b94f6051a0e59d30e8a739e712c5c167639d8274e7b00decbf35faef60be,MIT,owner grant 2026-09-19,unchanged
0fb40f482f5aa81464e46e360d0b3f26853ba0ae,test/lib/fixtures/lib-component-relative-include/console-broker/forbidden_relative_include.c,test/lib/fixtures/lib-component-relative-include/console-broker/forbidden_relative_include.c,05c6ffccce4bba6e01879650ee04676d67ca36fc21667cbd343cc3e4ffc215a1,05c6ffccce4bba6e01879650ee04676d67ca36fc21667cbd343cc3e4ffc215a1,MIT,owner grant 2026-09-19,unchanged
0fb40f482f5aa81464e46e360d0b3f26853ba0ae,test/lib/fixtures/lib-control-ownership/kvm-base/control.h,test/lib/fixtures/lib-control-ownership/kvm-base/control.h,f3c7ef06e8a6fbf9c4d2c18110b92f70c8d0d71f8bc055a38b8f545766e3b785,f3c7ef06e8a6fbf9c4d2c18110b92f70c8d0d71f8bc055a38b8f545766e3b785,MIT,owner grant 2026-09-19,unchanged
0fb40f482f5aa81464e46e360d0b3f26853ba0ae,test/lib/kvm_component_contract_smoke.c,test/lib/kvm_component_contract_smoke.c,4d5408d106345cc1892175d73507257095a7081a3d11dfbc61f8adde340ac547,4d5408d106345cc1892175d73507257095a7081a3d11dfbc61f8adde340ac547,MIT,owner grant 2026-09-19,unchanged
0fb40f482f5aa81464e46e360d0b3f26853ba0ae,test/lib/kvm_console_retirement_barrier_smoke.c,test/lib/kvm_console_retirement_barrier_smoke.c,3b5188d5a64dc150c61a8387f31767890bd5c485914b28b2d8ba29f06333b03e,3b5188d5a64dc150c61a8387f31767890bd5c485914b28b2d8ba29f06333b03e,MIT,owner grant 2026-09-19,unchanged
0fb40f482f5aa81464e46e360d0b3f26853ba0ae,test/lib/kvm_frame_copy_smoke.c,test/lib/kvm_frame_copy_smoke.c,370d3e29a6c7f1dc2c721fc53f9b8a5e354f38f5b414d6cddb6d5d6dfe323a40,370d3e29a6c7f1dc2c721fc53f9b8a5e354f38f5b414d6cddb6d5d6dfe323a40,MIT,owner grant 2026-09-19,unchanged
0fb40f482f5aa81464e46e360d0b3f26853ba0ae,test/lib/kvm_frame_damage_mouse_smoke.c,test/lib/kvm_frame_damage_mouse_smoke.c,775d2e5e3da5e46fb4dda9ee41a994fffd6258838a8ba64c7ed2a6f69745fde2,775d2e5e3da5e46fb4dda9ee41a994fffd6258838a8ba64c7ed2a6f69745fde2,MIT,owner grant 2026-09-19,unchanged
0fb40f482f5aa81464e46e360d0b3f26853ba0ae,test/lib/kvm_frame_lock_smoke.c,test/lib/kvm_frame_lock_smoke.c,fb8b2165205ae4eadfe15d38c279e0304a1348365fab084588d1a82770edf575,fb8b2165205ae4eadfe15d38c279e0304a1348365fab084588d1a82770edf575,MIT,owner grant 2026-09-19,unchanged
0fb40f482f5aa81464e46e360d0b3f26853ba0ae,test/lib/kvm_input_admission_smoke.c,test/lib/kvm_input_admission_smoke.c,843a8c0f7adcd661fc60bfc3116a47192934014b2c64d100b3d4a92d25a29bbd,843a8c0f7adcd661fc60bfc3116a47192934014b2c64d100b3d4a92d25a29bbd,MIT,owner grant 2026-09-19,unchanged
0fb40f482f5aa81464e46e360d0b3f26853ba0ae,test/lib/kvm_keyboard_lifetime_smoke.c,test/lib/kvm_keyboard_lifetime_smoke.c,97b3aa7e805d1ccddd5505905bf4b23d323fd6f4cf023e360ce1521681e8c607,97b3aa7e805d1ccddd5505905bf4b23d323fd6f4cf023e360ce1521681e8c607,MIT,owner grant 2026-09-19,unchanged
0fb40f482f5aa81464e46e360d0b3f26853ba0ae,test/lib/kvm_leaf_control_capacity_smoke.c,test/lib/kvm_leaf_control_capacity_smoke.c,0b0b7a7f18d44dbf8feee09bf82fb3d741e91bd419be703930182ad5b4f4ed51,0b0b7a7f18d44dbf8feee09bf82fb3d741e91bd419be703930182ad5b4f4ed51,MIT,owner grant 2026-09-19,unchanged
0fb40f482f5aa81464e46e360d0b3f26853ba0ae,test/lib/kvm_mailbox_selection_smoke.c,test/lib/kvm_mailbox_selection_smoke.c,8880956d5da8b5e00a1c7f98d2629d454bc4a43b8f50f4225ca9f734836df7d1,8880956d5da8b5e00a1c7f98d2629d454bc4a43b8f50f4225ca9f734836df7d1,MIT,owner grant 2026-09-19,unchanged
0fb40f482f5aa81464e46e360d0b3f26853ba0ae,test/lib/kvm_naming_forbidden_smoke.cmake,test/lib/kvm_naming_forbidden_smoke.cmake,9b48ef3cf923ec09b994a3b32c407142732672efcb8369bdc3af6892ff38cf77,9b48ef3cf923ec09b994a3b32c407142732672efcb8369bdc3af6892ff38cf77,MIT,owner grant 2026-09-19,unchanged
0fb40f482f5aa81464e46e360d0b3f26853ba0ae,test/lib/kvm_shutdown_failure_smoke.c,test/lib/kvm_shutdown_failure_smoke.c,194e0c3957d01f36f55b31d1d07c94a8415e3471000b84b1e8ee6606bf6cd9dd,194e0c3957d01f36f55b31d1d07c94a8415e3471000b84b1e8ee6606bf6cd9dd,MIT,owner grant 2026-09-19,unchanged
0fb40f482f5aa81464e46e360d0b3f26853ba0ae,test/lib/kvm_window_capture_contract_smoke.c,test/lib/kvm_window_capture_contract_smoke.c,5d628123cc13d55eba9e2333b6f3293f4f94f0f9bddf779625e26f15c10fad08,5d628123cc13d55eba9e2333b6f3293f4f94f0f9bddf779625e26f15c10fad08,MIT,owner grant 2026-09-19,unchanged
0fb40f482f5aa81464e46e360d0b3f26853ba0ae,test/lib/kvm_window_modal_smoke.c,test/lib/kvm_window_modal_smoke.c,9b2fd88f4443315255ce9bd34297fd7e379d7f71f17804d60ecd94d7dac09cd6,9b2fd88f4443315255ce9bd34297fd7e379d7f71f17804d60ecd94d7dac09cd6,MIT,owner grant 2026-09-19,unchanged
0fb40f482f5aa81464e46e360d0b3f26853ba0ae,test/lib/kvm_window_retirement_smoke.c,test/lib/kvm_window_retirement_smoke.c,5ec17952aaf60761be1da48a252add7c9786dbb7b9f184f7e390e247a8443b01,5ec17952aaf60761be1da48a252add7c9786dbb7b9f184f7e390e247a8443b01,MIT,owner grant 2026-09-19,unchanged
0fb40f482f5aa81464e46e360d0b3f26853ba0ae,test/lib/lib_console_event_gate_smoke.c,test/lib/lib_console_event_gate_smoke.c,842c2e708e00882aa211f384bdd2a825a3aa5e66f3b303a7222b584a35a4c757,842c2e708e00882aa211f384bdd2a825a3aa5e66f3b303a7222b584a35a4c757,MIT,owner grant 2026-09-19,unchanged
0fb40f482f5aa81464e46e360d0b3f26853ba0ae,test/lib/lib_console_io_contract_smoke.c,test/lib/lib_console_io_contract_smoke.c,653a9eaa41084a5e81ade78245242e1cbecd6baeb3babeb41f8ffa0e97afdb48,653a9eaa41084a5e81ade78245242e1cbecd6baeb3babeb41f8ffa0e97afdb48,MIT,owner grant 2026-09-19,unchanged
0fb40f482f5aa81464e46e360d0b3f26853ba0ae,test/lib/lib_console_smoke.c,test/lib/lib_console_smoke.c,7ba92c7ba642806133b3ca070cada4e83e8cb26fa76f59022740615d31ec42dd,7ba92c7ba642806133b3ca070cada4e83e8cb26fa76f59022740615d31ec42dd,MIT,owner grant 2026-09-19,unchanged
0fb40f482f5aa81464e46e360d0b3f26853ba0ae,test/lib/lib_failure_output_contract_smoke.c,test/lib/lib_failure_output_contract_smoke.c,8aa376440af6e246b2386ea8b420d20f7cd8600b1effe90ed6fbf08f095cfffb,8aa376440af6e246b2386ea8b420d20f7cd8600b1effe90ed6fbf08f095cfffb,MIT,owner grant 2026-09-19,unchanged
0fb40f482f5aa81464e46e360d0b3f26853ba0ae,test/lib/linux_input_contract_smoke.c,test/lib/linux_input_contract_smoke.c,4ce36d6ecf857ffc0fed1011af4d72f7dfb358ad075448d3c734af8769d6d19c,4ce36d6ecf857ffc0fed1011af4d72f7dfb358ad075448d3c734af8769d6d19c,MIT,owner grant 2026-09-19,unchanged
0fb40f482f5aa81464e46e360d0b3f26853ba0ae,test/lib/linux_storage_contract_smoke.c,test/lib/linux_storage_contract_smoke.c,78c0c49fb907b7bbafc1e964c885dcc1af4e008610d56e56522b313645be5e99,78c0c49fb907b7bbafc1e964c885dcc1af4e008610d56e56522b313645be5e99,MIT,owner grant 2026-09-19,unchanged
0fb40f482f5aa81464e46e360d0b3f26853ba0ae,test/lib/linux_storage_lock_smoke.c,test/lib/linux_storage_lock_smoke.c,f1902b057b1475130383b03bdc4c2f21b6b53233663ff9cb33474b507ed01474,f1902b057b1475130383b03bdc4c2f21b6b53233663ff9cb33474b507ed01474,MIT,owner grant 2026-09-19,unchanged
0fb40f482f5aa81464e46e360d0b3f26853ba0ae,test/lib/linux_wait_contract_smoke.c,test/lib/linux_wait_contract_smoke.c,19ca8f5de2510a22d48a848784cbf625bdf0fc626ad61704388d9cb7d3e96046,19ca8f5de2510a22d48a848784cbf625bdf0fc626ad61704388d9cb7d3e96046,MIT,owner grant 2026-09-19,unchanged
0fb40f482f5aa81464e46e360d0b3f26853ba0ae,test/lib/linux_wait_fakes.h,test/lib/linux_wait_fakes.h,407a6d87eba6ff1bea7ac8d006fabac0b6458f239bd540dac638f3560f95d93a,407a6d87eba6ff1bea7ac8d006fabac0b6458f239bd540dac638f3560f95d93a,MIT,owner grant 2026-09-19,unchanged
0fb40f482f5aa81464e46e360d0b3f26853ba0ae,test/lib/storage_file_writer_binary_smoke.c,test/lib/storage_file_writer_binary_smoke.c,99adee87ec7a99f267801e0c198f99be64a04914c82897f40df72c13780e9b8f,99adee87ec7a99f267801e0c198f99be64a04914c82897f40df72c13780e9b8f,MIT,owner grant 2026-09-19,unchanged
0fb40f482f5aa81464e46e360d0b3f26853ba0ae,test/lib/storage_position_smoke.c,test/lib/storage_position_smoke.c,c64011faca855b3dd499df08afd1c8edde1ae8e6e2f06aa70e9765312859ee1c,c64011faca855b3dd499df08afd1c8edde1ae8e6e2f06aa70e9765312859ee1c,MIT,owner grant 2026-09-19,unchanged
0fb40f482f5aa81464e46e360d0b3f26853ba0ae,test/lib/types_contract_smoke.c,test/lib/types_contract_smoke.c,40c81ab510f6c000f27cd23c8d946218139ec79b554be0ab32def0b7e06902f3,40c81ab510f6c000f27cd23c8d946218139ec79b554be0ab32def0b7e06902f3,MIT,owner grant 2026-09-19,unchanged
0fb40f482f5aa81464e46e360d0b3f26853ba0ae,test/lib/types_layout_selftest.cmake,test/lib/types_layout_selftest.cmake,47b3a9198182ea5c2b86bf648e6fbab780790bfa000884d76b246918a751a6ad,47b3a9198182ea5c2b86bf648e6fbab780790bfa000884d76b246918a751a6ad,MIT,owner grant 2026-09-19,unchanged
0fb40f482f5aa81464e46e360d0b3f26853ba0ae,test/lib/win32_keyboard_smoke.c,test/lib/win32_keyboard_smoke.c,7389f187e01fc670e886cb524742b89af632416f59c20289d871ffc48609ea4b,7389f187e01fc670e886cb524742b89af632416f59c20289d871ffc48609ea4b,MIT,owner grant 2026-09-19,unchanged
0fb40f482f5aa81464e46e360d0b3f26853ba0ae,test/lib/win32_presentation_smoke.c,test/lib/win32_presentation_smoke.c,bad09f3df7f7211d064f80b166a2c1bf67d891c76697ef443f8b5b272ade9a7a,bad09f3df7f7211d064f80b166a2c1bf67d891c76697ef443f8b5b272ade9a7a,MIT,owner grant 2026-09-19,unchanged
0fb40f482f5aa81464e46e360d0b3f26853ba0ae,test/lib/win32_vocabulary_ownership_smoke.c,test/lib/win32_vocabulary_ownership_smoke.c,67f0c72ed2ac6c9a51ace6adf450195471e786c5f8e6deb554662031cb1e32ed,67f0c72ed2ac6c9a51ace6adf450195471e786c5f8e6deb554662031cb1e32ed,MIT,owner grant 2026-09-19,unchanged
0fb40f482f5aa81464e46e360d0b3f26853ba0ae,test/lib/win32_window_bounds_smoke.c,test/lib/win32_window_bounds_smoke.c,0b89307ffca01cd3e25d84e704551cf292379008e6f51dbb4a54560226a00543,0b89307ffca01cd3e25d84e704551cf292379008e6f51dbb4a54560226a00543,MIT,owner grant 2026-09-19,unchanged
